{"cameraMode":{"drawMode":0,"name":"Shaded","section":"Shading Mode"},"sceneLighting":true,"audioPlay":false,"sceneViewState":{"m_AlwaysRefresh":false,"showFog":true,"showSkybox":true,"showFlares":true,"showImageEffects":true,"showParticleSystems":true,"showVisualEffectGraphs":true,"m_FxEnabled":true},"in2DMode":false,"pivot":{"x":0.3778327703475952,"y":0.5609135627746582,"z":0.2817326784133911},"rotation":{"x":0.07074125856161118,"y":-0.08995296061038971,"z":-0.006405798252671957,"w":-0.9934120774269104},"size":1.013824462890625,"orthographic":false}