{"cameraMode":{"drawMode":0,"name":"Shaded","section":"Shading Mode"},"sceneLighting":true,"audioPlay":false,"sceneViewState":{"m_AlwaysRefresh":false,"showFog":true,"showSkybox":true,"showFlares":true,"showImageEffects":true,"showParticleSystems":true,"showVisualEffectGraphs":true,"m_FxEnabled":true},"in2DMode":false,"pivot":{"x":43.309837341308597,"y":48.957305908203128,"z":-58.93130111694336},"rotation":{"x":0.052328962832689288,"y":-0.1657976657152176,"z":-0.00881104078143835,"w":-0.9847342371940613},"size":42.166996002197269,"orthographic":false}