{"cameraMode":{"drawMode":0,"name":"Shaded","section":"Shading Mode"},"sceneLighting":true,"audioPlay":false,"sceneViewState":{"m_AlwaysRefresh":false,"showFog":true,"showSkybox":true,"showFlares":true,"showImageEffects":true,"showParticleSystems":true,"showVisualEffectGraphs":true,"m_FxEnabled":true},"in2DMode":false,"pivot":{"x":0.016496121883392335,"y":2.8282766342163088,"z":5.097286701202393},"rotation":{"x":-0.0652155876159668,"y":0.06700259447097779,"z":-0.004389504436403513,"w":-0.9956120848655701},"size":3.1645874977111818,"orthographic":false}